year,locationid,locationname,stateabbr,DIABETES,OBESITY,BPHIGH,ACCESS2,CHECKUP,CHOLSCREEN,burden_index,access_gap_index,need_priority_score
2023,17153,Pulaski,IL,14.5,45.7,38.7,11.7,76.8,82.1,3.379161,1.105338,4.484498
2023,55078,Menominee,WI,15.3,45.4,34.4,10.3,75.7,81.5,2.968692,1.181987,4.150678
2023,17003,Alexander,IL,13.8,45.3,38.7,11.1,77.2,82.6,3.104038,0.732692,3.836729
2023,26085,Lake,MI,12.5,40.3,36.7,11.9,76.7,81.9,1.808065,1.229997,3.038062
2023,17009,Brown,IL,11.4,41.6,35.9,12.0,75.0,82.4,1.478211,1.539278,3.017489
2023,55041,Forest,WI,12.0,45.8,33.9,10.1,75.3,82.0,1.859641,1.101894,2.961535
2023,55019,Clark,WI,10.2,38.1,28.9,11.9,71.5,80.3,-0.354902,2.902331,2.547429
2023,55057,Juneau,WI,10.9,41.7,32.8,9.9,73.8,81.4,0.865937,1.570603,2.43654
2023,17017,Cass,IL,11.2,40.7,32.7,13.3,75.1,83.4,0.834656,1.578404,2.41306
2023,17101,Lawrence,IL,11.2,41.0,34.8,10.9,75.0,82.6,1.180673,1.217693,2.398366
2023,17183,Vermilion,IL,11.7,44.1,36.7,10.2,76.9,83.3,1.981897,0.405048,2.386945
2023,17087,Johnson,IL,11.3,41.9,35.0,10.7,75.3,82.9,1.346322,1.018863,2.365185
2023,55001,Adams,WI,11.2,40.3,32.3,10.5,74.1,81.5,0.729425,1.619622,2.349047
2023,17145,Perry,IL,11.2,41.1,34.2,10.6,75.2,82.6,1.103111,1.095398,2.198509
2023,17051,Fayette,IL,11.0,40.1,34.0,10.1,74.9,82.6,0.893243,1.045346,1.93859
2023,17025,Clay,IL,10.9,41.5,33.3,9.5,74.9,82.5,0.917192,0.923487,1.840679
2023,55081,Monroe,WI,10.4,44.0,31.0,9.6,74.5,82.3,0.698886,1.096408,1.795294
2023,17201,Winnebago,IL,11.7,42.2,33.9,11.2,76.7,84.3,1.348503,0.44328,1.791783
2023,55053,Jackson,WI,10.6,40.2,32.1,9.6,74.3,81.7,0.491782,1.298635,1.790416
2023,17075,Iroquois,IL,10.6,40.8,32.8,10.3,74.7,83.2,0.664466,0.989396,1.653862
2023,17193,White,IL,11.1,39.3,33.4,9.5,75.2,82.3,0.745208,0.90187,1.647078
2023,17059,Gallatin,IL,10.5,40.9,32.7,9.4,74.7,82.5,0.628348,0.947469,1.575816
2023,55077,Marquette,WI,10.1,43.0,30.8,9.4,74.6,82.0,0.456269,1.099805,1.556073
2023,17181,Union,IL,10.9,39.8,33.0,9.9,75.2,82.9,0.677701,0.846516,1.524217
2023,17169,Schuyler,IL,11.0,40.2,34.1,9.3,75.4,83.1,0.919551,0.599264,1.518815
2023,17055,Franklin,IL,10.9,41.4,32.7,9.2,75.6,82.7,0.816691,0.62857,1.445262
2023,55003,Ashland,WI,10.8,41.4,30.1,8.8,74.5,81.8,0.398139,1.027837,1.425976
2023,26095,Luce,MI,11.6,41.3,36.5,8.4,77.5,83.6,1.598334,-0.259876,1.338458
2023,55047,Green Lake,WI,10.1,40.4,30.0,9.6,73.8,82.2,0.039363,1.291978,1.331341
2023,17091,Kankakee,IL,11.3,40.2,34.2,10.3,76.3,84.4,1.032638,0.293583,1.326221
2023,55107,Rusk,WI,10.6,40.9,30.6,9.2,75.3,81.7,0.349487,0.957522,1.307009
2023,55137,Waushara,WI,10.2,39.5,30.2,10.0,74.1,82.3,-0.001433,1.291841,1.290408
2023,17047,Edwards,IL,10.7,40.3,32.9,8.9,75.0,83.0,0.654709,0.623681,1.27839
2023,17157,Randolph,IL,10.5,39.1,33.7,9.7,75.2,83.3,0.570289,0.694915,1.265203
2023,26035,Clare,MI,11.1,40.1,35.4,8.6,77.2,82.6,1.133733,0.118233,1.251965
2023,17095,Knox,IL,10.9,39.9,33.2,9.8,75.9,83.4,0.718847,0.523923,1.24277
2023,17069,Hardin,IL,10.5,39.6,32.9,9.2,74.9,83.0,0.508926,0.721696,1.230622
2023,17149,Pike,IL,10.4,40.7,32.9,9.0,75.2,82.9,0.602337,0.625311,1.227648
2023,26135,Oscoda,MI,11.2,38.2,34.3,9.0,76.4,82.5,0.785344,0.436397,1.221741
2023,17127,Massac,IL,10.8,40.8,32.7,9.0,75.2,83.4,0.715127,0.497255,1.212382
2023,17057,Fulton,IL,10.4,39.8,33.5,9.3,75.2,83.2,0.588146,0.622213,1.210358
2023,17065,Hamilton,IL,10.7,40.1,33.0,8.8,75.2,83.0,0.646609,0.550543,1.197152
2023,55079,Milwaukee,WI,12.4,38.8,34.1,10.8,77.9,84.6,1.217476,-0.023226,1.19425
2023,17077,Jackson,IL,11.8,42.8,34.5,8.7,77.6,84.2,1.539099,-0.364087,1.175012
2023,26013,Baraga,MI,11.6,40.7,35.0,8.3,77.0,83.5,1.306941,-0.137443,1.169498
2023,17191,Wayne,IL,10.5,40.0,32.8,9.0,75.1,83.0,0.539964,0.62398,1.163944
2023,55065,Lafayette,WI,9.8,41.9,30.3,9.4,74.8,82.3,0.157667,0.974411,1.132078
2023,17015,Carroll,IL,10.3,39.3,32.6,9.7,74.8,83.4,0.364504,0.766423,1.130927
2023,55119,Taylor,WI,9.5,44.1,30.0,9.1,75.2,82.2,0.267224,0.829168,1.096391
2023,55067,Langlade,WI,10.0,37.1,30.3,9.4,73.8,81.5,-0.327353,1.4221,1.094747
2023,55043,Grant,WI,10.3,42.7,29.4,8.7,74.6,82.5,0.279621,0.7997,1.079321
2023,26127,Oceana,MI,10.6,40.7,32.3,10.1,75.9,83.8,0.578805,0.495213,1.074017
2023,26073,Isabella,MI,11.6,43.1,35.5,7.9,78.4,83.7,1.656393,-0.626898,1.029495
2023,17061,Greene,IL,10.2,39.9,32.3,8.7,74.7,82.9,0.356053,0.672975,1.029029
2023,55101,Racine,WI,10.4,42.2,30.3,10.1,75.0,84.1,0.388571,0.636899,1.02547
2023,55099,Price,WI,10.0,42.2,29.6,8.8,74.9,82.1,0.153703,0.853884,1.007587
2023,17165,Saline,IL,10.6,40.1,32.9,8.8,75.5,83.3,0.599021,0.40087,0.999891
2023,55023,Crawford,WI,10.1,37.6,30.4,8.9,73.8,81.9,-0.222419,1.196763,0.974344
2023,55103,Richland,WI,10.1,37.6,29.4,9.3,73.7,81.8,-0.370805,1.344968,0.974163
2023,17007,Boone,IL,10.4,36.9,30.9,12.6,75.1,84.6,-0.130262,1.099022,0.96876
2023,17081,Jefferson,IL,10.6,39.8,33.3,8.8,75.4,83.7,0.623968,0.322705,0.946673
2023,17121,Marion,IL,10.6,39.5,32.8,8.8,75.5,83.2,0.515368,0.426481,0.941849
2023,55121,Trempealeau,WI,9.8,41.1,29.6,9.6,74.5,82.8,-0.037956,0.968352,0.930396
2023,55105,Rock,WI,10.3,41.7,29.3,9.2,74.5,83.3,0.150091,0.741982,0.892073
2023,17161,Rock Island,IL,10.8,40.1,31.5,10.4,75.7,84.6,0.45678,0.412618,0.869399
2023,55069,Lincoln,WI,9.5,42.1,30.2,8.5,74.5,82.5,0.067518,0.774823,0.842341
2023,17137,Morgan,IL,10.3,40.3,33.0,9.0,75.7,83.7,0.538549,0.299022,0.837571
2023,17115,Macon,IL,10.8,42.6,33.7,8.4,76.5,84.5,1.069957,-0.247577,0.82238
2023,17135,Montgomery,IL,10.1,39.2,32.0,9.1,75.0,83.2,0.198504,0.621616,0.82012
2023,26069,Iosco,MI,10.7,38.8,34.3,8.6,76.8,83.0,0.690412,0.112908,0.803319
2023,55013,Burnett,WI,10.0,38.8,29.4,8.7,73.5,82.5,-0.265924,1.066779,0.800855
2023,55017,Chippewa,WI,9.4,41.4,29.5,8.0,73.0,82.8,-0.149385,0.939297,0.789911
2023,17021,Christian,IL,10.1,38.1,32.5,9.1,74.7,83.4,0.146536,0.643233,0.789769
2023,17005,Bond,IL,10.3,39.8,32.8,9.2,75.6,83.9,0.451526,0.321236,0.772763
2023,26117,Montcalm,MI,10.6,42.2,33.8,8.6,77.8,83.4,0.97342,-0.232336,0.741084
2023,26023,Branch,MI,10.9,35.9,34.3,9.1,76.3,83.2,0.423305,0.305977,0.729282
2023,17185,Wabash,IL,10.4,40.2,32.2,8.3,75.3,83.5,0.441121,0.275315,0.716437
2023,17187,Warren,IL,10.3,37.9,31.6,10.1,75.1,84.0,0.05555,0.63823,0.69378
2023,26129,Ogemaw,MI,10.7,39.2,33.7,8.1,76.5,83.2,0.647257,0.011633,0.65889
2023,26025,Calhoun,MI,11.2,42.5,34.9,8.0,77.9,84.6,1.367549,-0.711421,0.656128
2023,17109,McDonough,IL,10.8,39.2,33.5,8.4,76.0,84.0,0.650329,0.001878,0.652208
2023,55123,Vernon,WI,9.7,38.7,29.5,8.7,74.1,82.2,-0.360804,0.997933,0.63713
2023,17103,Lee,IL,10.2,38.8,32.2,9.6,75.5,84.0,0.215054,0.418218,0.633273
2023,26097,Mackinac,MI,11.5,41.3,33.1,8.1,77.7,83.9,1.061074,-0.459004,0.60207
2023,17045,Edgar,IL,10.2,37.5,32.6,8.6,75.1,83.3,0.12531,0.448833,0.574142
2023,55059,Kenosha,WI,10.0,40.1,30.6,9.9,75.1,84.3,0.061237,0.51224,0.573477
2023,17033,Crawford,IL,9.9,40.0,32.8,8.7,75.5,84.0,0.343467,0.197013,0.54048
2023,17041,Douglas,IL,9.8,38.8,31.1,9.7,74.9,83.9,-0.079168,0.614087,0.534919
2023,55141,Wood,WI,9.7,39.9,29.4,8.5,73.9,83.1,-0.238012,0.766836,0.528823
2023,55039,Fond du Lac,WI,9.3,43.8,29.5,8.6,75.4,83.2,0.093124,0.401604,0.494729
2023,17011,Bureau,IL,10.1,38.4,31.0,9.8,75.5,83.8,-0.041635,0.518597,0.476963
2023,17029,Coles,IL,10.4,39.4,32.2,8.5,75.8,83.8,0.349368,0.126239,0.475607
2023,26149,St. Joseph,MI,10.5,38.3,32.6,9.2,76.4,83.8,0.315311,0.152608,0.467919
2023,17177,Stephenson,IL,10.4,41.0,32.4,8.8,76.2,84.6,0.562551,-0.102035,0.460516
2023,55115,Shawano,WI,9.7,40.2,28.9,8.8,75.2,82.3,-0.277798,0.729821,0.452024
2023,55135,Waupaca,WI,10.0,37.8,30.0,8.8,74.6,82.9,-0.291585,0.721834,0.430249
2023,55005,Barron,WI,9.8,38.3,29.3,8.6,74.3,82.6,-0.403608,0.82235,0.418743
2023,26121,Muskegon,MI,10.7,44.2,32.6,8.1,77.6,84.7,1.05749,-0.639614,0.417876
2023,26151,Sanilac,MI,10.3,39.9,33.2,8.3,76.8,83.6,0.52235,-0.114494,0.407855
2023,17099,LaSalle,IL,10.0,37.9,31.2,9.8,75.4,84.0,-0.102053,0.491655,0.389602
2023,17141,Ogle,IL,9.7,40.9,31.2,9.4,75.4,84.6,0.143773,0.239674,0.383447
2023,26157,Tuscola,MI,10.1,41.4,32.6,7.9,76.5,83.7,0.539857,-0.165579,0.374277
2023,26051,Gladwin,MI,10.4,40.3,33.4,7.9,77.2,83.4,0.630653,-0.258705,0.371948
2023,17195,Whiteside,IL,10.2,36.4,30.8,10.1,75.0,84.1,-0.267945,0.636899,0.368954
2023,26153,Schoolcraft,MI,10.8,40.1,33.2,7.8,77.3,83.6,0.709036,-0.358786,0.35025
2023,26059,Hillsdale,MI,10.6,37.8,34.4,7.9,77.0,83.4,0.557809,-0.210145,0.347664
2023,17053,Ford,IL,10.0,37.8,31.9,8.9,75.3,83.8,-0.009652,0.345952,0.3363
2023,17139,Moultrie,IL,9.5,38.4,31.2,8.8,74.6,83.6,-0.208455,0.542555,0.334101
2023,26119,Montmorency,MI,10.5,38.3,33.0,8.0,76.8,83.1,0.374666,-0.060174,0.314492
2023,26133,Osceola,MI,10.4,39.4,33.2,8.1,77.2,83.3,0.497754,-0.183937,0.313816
2023,55083,Oconto,WI,9.4,42.0,29.2,8.2,75.2,82.9,-0.125086,0.428684,0.303598
2023,26007,Alpena,MI,10.5,41.3,33.4,7.5,77.5,83.6,0.778094,-0.481081,0.297013
2023,55071,Manitowoc,WI,9.2,38.9,29.9,8.7,74.5,82.9,-0.442259,0.721535,0.279277
2023,26091,Lenawee,MI,10.0,40.8,32.3,8.1,75.8,84.4,0.393777,-0.125742,0.268035
2023,55075,Marinette,WI,9.9,37.6,29.6,8.4,74.5,82.8,-0.406627,0.673411,0.266785
2023,55113,Sawyer,WI,10.4,34.2,31.0,8.5,75.1,82.3,-0.42509,0.680366,0.255276
2023,26075,Jackson,MI,10.4,39.3,34.4,7.5,76.1,84.7,0.664347,-0.422885,0.241462
2023,26159,Van Buren,MI,10.8,39.2,32.7,9.3,77.5,84.6,0.531621,-0.294782,0.236839
2023,17071,Henderson,IL,9.8,38.7,31.8,8.3,75.2,83.8,0.013233,0.222762,0.235995
2023,26145,Saginaw,MI,11.6,37.1,35.3,8.6,78.8,84.3,0.938567,-0.705636,0.232931
2023,55111,Sauk,WI,9.8,40.2,28.6,8.4,74.4,83.5,-0.289564,0.518413,0.228849
2023,17159,Richland,IL,9.9,39.5,31.4,8.1,75.3,83.9,0.078381,0.123714,0.202095
2023,17107,Logan,IL,9.9,38.9,31.8,8.8,75.7,84.2,0.068921,0.121809,0.19073
2023,26163,Wayne,MI,12.5,37.3,37.1,8.3,79.5,85.8,1.523345,-1.333498,0.189847
2023,17105,Livingston,IL,9.9,36.0,31.5,9.3,75.1,83.8,-0.3082,0.492825,0.184625
2023,26123,Newaygo,MI,10.3,37.5,33.5,8.6,76.9,83.8,0.291606,-0.116262,0.175344
2023,55011,Buffalo,WI,9.4,39.4,29.0,8.4,74.6,82.9,-0.452961,0.62352,0.170559
2023,17125,Mason,IL,10.0,37.2,31.7,8.3,75.2,83.6,-0.108144,0.273984,0.16584
2023,26011,Arenac,MI,10.3,38.4,33.0,7.9,76.6,83.6,0.320636,-0.164248,0.156388
2023,17151,Pope,IL,9.8,39.6,31.5,8.2,75.4,84.1,0.071939,0.07279,0.144729
2023,26057,Gratiot,MI,10.5,37.5,33.5,8.5,77.1,83.9,0.357105,-0.215011,0.142094
2023,17123,Marshall,IL,9.7,38.6,31.3,8.7,75.2,84.1,-0.105179,0.244242,0.139063
2023,55027,Dodge,WI,9.2,42.5,28.8,9.0,76.2,83.1,-0.192594,0.331289,0.138696
2023,26071,Iron,MI,10.2,39.2,33.3,7.5,76.5,83.9,0.424155,-0.315115,0.10904
2023,26165,Wexford,MI,10.3,38.8,33.2,7.8,76.9,83.7,0.396189,-0.287277,0.108912
2023,26033,Chippewa,MI,11.2,36.4,35.6,7.7,77.9,84.2,0.771801,-0.682711,0.08909
2023,17175,Stark,IL,9.7,38.3,31.5,8.3,75.1,84.0,-0.109909,0.195819,0.08591
2023,17037,DeKalb,IL,10.6,37.1,31.6,9.5,75.9,85.1,0.062046,0.014797,0.076843
2023,26049,Genesee,MI,11.0,40.6,34.4,7.6,78.1,84.9,1.009943,-0.935127,0.074816
2023,26079,Kalkaska,MI,10.3,38.2,33.4,7.7,76.9,83.6,0.357052,-0.286245,0.070807
2023,17117,Macoupin,IL,9.9,36.8,31.7,8.3,75.2,83.7,-0.18677,0.248373,0.061603
2023,17199,Williamson,IL,10.0,39.9,32.0,7.9,75.6,84.7,0.246039,-0.203172,0.042867
2023,55033,Dunn,WI,9.3,40.7,29.0,7.7,74.5,83.4,-0.336612,0.347696,0.011084
2023,17131,Mercer,IL,9.6,38.5,31.0,8.4,75.2,84.0,-0.193913,0.196118,0.002205
2023,55031,Douglas,WI,9.4,40.9,30.3,7.4,75.1,83.7,-0.088023,0.051448,-0.036575
2023,26113,Missaukee,MI,10.2,39.2,33.1,7.9,77.4,83.9,0.394478,-0.435321,-0.040843
2023,26031,Cheboygan,MI,10.2,41.0,32.7,7.5,77.4,84.1,0.541568,-0.584857,-0.043289
2023,26067,Ionia,MI,9.9,40.1,33.4,7.9,77.1,84.5,0.443967,-0.516148,-0.072181
2023,26063,Huron,MI,10.1,38.8,32.4,7.7,76.7,83.8,0.211982,-0.288907,-0.076925
2023,55129,Washburn,WI,9.7,35.1,29.9,8.3,74.7,82.7,-0.714338,0.625884,-0.088454
2023,17067,Hancock,IL,9.7,38.9,31.5,7.9,75.4,84.3,-0.041094,-0.052167,-0.093262
2023,55061,Kewaunee,WI,9.2,41.1,28.5,8.1,75.1,83.4,-0.397677,0.30033,-0.097348
2023,17089,Kane,IL,10.1,34.9,27.5,12.1,74.4,85.7,-0.962404,0.864366,-0.098038
2023,26107,Mecosta,MI,10.4,38.3,33.4,7.7,77.7,83.7,0.40127,-0.506095,-0.104825
2023,26021,Berrien,MI,10.7,38.9,33.7,7.7,77.1,85.1,0.612849,-0.718972,-0.106123
2023,55127,Walworth,WI,9.2,39.3,28.5,9.1,74.7,84.0,-0.604122,0.489566,-0.114556
2023,17163,St. Clair,IL,11.2,38.6,35.1,8.2,78.3,85.8,0.949929,-1.066718,-0.116788
2023,55055,Jefferson,WI,8.9,40.9,27.2,8.5,74.0,83.7,-0.711766,0.588889,-0.122877
2023,17039,De Witt,IL,9.6,37.9,31.2,8.2,75.3,84.2,-0.233051,0.071459,-0.161592
2023,55139,Winnebago,WI,9.9,40.6,29.8,8.0,76.6,83.6,-0.032875,-0.13967,-0.172545
2023,26141,Presque Isle,MI,10.1,41.1,32.1,7.3,77.4,84.0,0.431256,-0.608402,-0.177146
2023,55045,Green,WI,8.7,39.9,29.6,7.7,74.2,83.8,-0.535831,0.318091,-0.21774
2023,26109,Menominee,MI,9.9,38.9,32.7,7.5,76.8,84.1,0.202468,-0.439177,-0.23671
2023,17173,Shelby,IL,9.6,37.6,31.1,7.8,75.2,84.1,-0.282297,0.023036,-0.25926
2023,55125,Vilas,WI,8.9,38.3,29.6,7.3,73.7,83.7,-0.653838,0.366788,-0.28705
2023,55037,Florence,WI,9.2,36.8,29.2,8.0,74.5,83.1,-0.786981,0.498264,-0.288716
2023,26041,Delta,MI,10.0,40.0,31.6,7.3,76.7,84.2,0.198153,-0.489665,-0.291512
2023,17171,Scott,IL,9.4,38.3,30.7,7.9,75.4,84.0,-0.326866,0.024666,-0.3022
2023,55009,Brown,WI,9.3,41.1,28.7,8.5,76.1,83.9,-0.335251,0.027788,-0.307463
2023,17143,Peoria,IL,10.9,35.1,33.3,8.1,76.6,85.2,0.183167,-0.52487,-0.341704
2023,55007,Bayfield,WI,9.2,38.9,29.9,7.1,74.4,83.9,-0.442259,0.09645,-0.345809
2023,26143,Roscommon,MI,10.0,39.0,32.3,7.4,77.0,84.2,0.187332,-0.537927,-0.350595
2023,26105,Mason,MI,10.1,40.5,32.2,7.5,77.5,84.6,0.37728,-0.737193,-0.359913
2023,55117,Sheboygan,WI,9.3,36.4,30.3,8.3,75.2,83.6,-0.636884,0.273984,-0.362899
2023,26039,Crawford,MI,10.4,37.1,32.5,7.5,77.4,83.8,0.130094,-0.508023,-0.37793
2023,26131,Ontonagon,MI,10.1,37.2,33.1,7.3,77.0,84.0,0.132345,-0.511283,-0.378937
2023,17001,Adams,IL,9.6,38.2,31.6,7.6,75.7,84.6,-0.139289,-0.275576,-0.414865
2023,17027,Clinton,IL,9.3,40.0,30.8,7.9,75.8,84.8,-0.149802,-0.277343,-0.427145
2023,55095,Polk,WI,9.2,35.2,28.8,7.8,73.8,83.4,-1.029841,0.542234,-0.487608
2023,17023,Clark,IL,9.4,37.1,31.0,7.8,75.4,84.3,-0.41998,-0.076746,-0.496726
2023,55051,Iron,WI,9.6,34.6,27.8,7.8,73.8,83.1,-1.116043,0.619067,-0.496976
2023,26053,Gogebic,MI,10.5,37.1,33.4,7.1,77.7,84.3,0.29639,-0.807232,-0.510842
2023,55073,Marathon,WI,8.8,36.0,29.4,8.1,74.2,83.6,-0.980055,0.467627,-0.512428
2023,17035,Cumberland,IL,9.2,38.5,30.9,7.5,75.4,84.6,-0.33975,-0.227314,-0.567064
2023,26003,Alger,MI,10.0,36.6,33.2,7.4,76.9,84.6,0.04562,-0.616092,-0.570472
2023,26001,Alcona,MI,9.9,39.1,32.1,7.2,77.4,84.3,0.136374,-0.709814,-0.57344
2023,26115,Monroe,MI,9.8,40.3,32.0,7.0,76.7,85.3,0.226416,-0.845123,-0.618707
2023,17083,Jersey,IL,9.2,39.2,30.5,7.4,75.5,84.7,-0.31882,-0.301784,-0.620604
2023,26017,Bay,MI,9.9,37.9,31.7,7.7,76.9,84.7,-0.060609,-0.567968,-0.628577
2023,17073,Henry,IL,9.2,36.8,30.0,8.4,75.0,84.9,-0.668272,0.014177,-0.654095
2023,17119,Madison,IL,9.5,38.8,31.5,7.6,76.2,85.2,-0.118062,-0.550642,-0.668705
2023,26027,Cass,MI,10.0,36.1,32.3,7.8,77.0,84.6,-0.145273,-0.542058,-0.687331
2023,26101,Manistee,MI,9.9,37.0,32.1,7.7,77.3,84.5,-0.104477,-0.613865,-0.718342
2023,55021,Columbia,WI,9.0,33.2,27.6,7.9,72.8,83.6,-1.502786,0.758389,-0.744397
2023,17079,Jasper,IL,9.1,38.0,30.2,7.4,75.2,84.7,-0.533715,-0.228944,-0.762659
2023,17167,Sangamon,IL,9.8,39.6,32.2,7.4,77.2,85.6,0.175809,-0.945043,-0.769234
2023,55091,Pepin,WI,9.0,36.4,28.3,7.7,74.8,83.5,-1.031903,0.249245,-0.782658
2023,26155,Shiawassee,MI,9.9,38.5,32.1,7.2,77.9,84.6,0.06756,-0.908047,-0.840488
2023,55085,Oneida,WI,9.3,34.9,29.1,7.3,74.8,83.6,-0.986983,0.12532,-0.861663
2023,17019,Champaign,IL,10.6,34.0,31.4,7.7,75.9,85.6,-0.323175,-0.555669,-0.878844
2023,55093,Pierce,WI,8.9,34.3,28.9,7.1,73.7,83.8,-1.216473,0.29202,-0.924453
2023,55049,Iowa,WI,8.6,38.2,27.2,7.2,73.9,84.1,-1.119681,0.191205,-0.928476
2023,17197,Will,IL,9.5,37.7,29.5,9.5,76.1,86.5,-0.540994,-0.392319,-0.933313
2023,17129,Menard,IL,9.0,37.4,30.4,7.2,75.6,84.9,-0.605602,-0.426443,-1.032045
2023,17031,Cook,IL,10.7,31.0,28.9,12.0,76.5,87.1,-1.005464,-0.028647,-1.03411
2023,17049,Effingham,IL,9.2,34.2,30.4,7.6,75.3,84.5,-0.907116,-0.152845,-1.059961
2023,17085,Jo Daviess,IL,9.0,36.4,30.0,7.5,75.3,85.0,-0.779648,-0.305479,-1.085127
2023,17063,Grundy,IL,9.1,36.1,29.6,8.6,75.8,85.4,-0.84066,-0.258962,-1.099621
2023,17155,Putnam,IL,8.9,36.1,29.6,8.0,75.3,85.1,-0.906159,-0.208199,-1.114358
2023,26087,Lapeer,MI,9.3,35.0,31.3,7.6,76.6,84.5,-0.649066,-0.468484,-1.11755
2023,17189,Washington,IL,9.0,36.7,30.0,7.2,75.5,84.9,-0.74524,-0.402163,-1.147403
2023,26065,Ingham,MI,10.6,36.6,33.5,7.1,78.6,86.0,0.286632,-1.461142,-1.174509
2023,26061,Houghton,MI,9.8,36.9,31.5,6.5,77.4,84.6,-0.237727,-0.958696,-1.196424
2023,17097,Lake,IL,9.8,32.9,29.4,9.7,75.1,87.0,-1.008103,-0.228419,-1.236522
2023,26147,St. Clair,MI,9.5,36.2,32.7,7.2,78.0,85.0,-0.238197,-1.034772,-1.272969
2023,17093,Kendall,IL,9.1,39.0,29.1,9.1,76.5,87.0,-0.582248,-0.715808,-1.298056
2023,17179,Tazewell,IL,9.1,36.2,30.3,7.2,76.0,85.1,-0.725321,-0.574785,-1.300106
2023,26137,Otsego,MI,9.4,37.9,31.5,6.6,77.9,85.0,-0.254034,-1.157962,-1.411996
2023,55087,Outagamie,WI,8.9,36.4,30.0,7.4,77.0,84.5,-0.812397,-0.61476,-1.427158
2023,55029,Door,WI,8.6,36.8,27.9,7.1,75.2,84.7,-1.176379,-0.302679,-1.479058
2023,26043,Dickinson,MI,9.3,38.1,31.5,6.3,77.7,85.2,-0.263845,-1.23436,-1.498205
2023,26005,Allegan,MI,9.4,35.3,30.0,7.6,77.1,85.1,-0.77481,-0.743551,-1.518361
2023,55035,Eau Claire,WI,8.9,31.4,28.1,7.3,74.5,83.8,-1.667787,0.146938,-1.520849
2023,55097,Portage,WI,8.7,36.5,27.0,7.6,76.1,84.0,-1.311584,-0.219028,-1.530612
2023,55063,La Crosse,WI,9.3,39.0,28.4,6.8,77.4,84.7,-0.620618,-0.910572,-1.531191
2023,17113,McLean,IL,9.5,36.0,31.2,7.1,77.0,86.1,-0.483714,-1.098274,-1.581988
2023,55109,St. Croix,WI,8.1,35.5,28.2,6.4,73.9,85.0,-1.44471,-0.235922,-1.680632
2023,17013,Calhoun,IL,8.5,35.1,29.3,7.1,75.3,85.4,-1.196364,-0.506237,-1.702602
2023,26015,Barry,MI,8.9,36.6,29.8,6.7,76.9,85.1,-0.819136,-0.916196,-1.735332
2023,26099,Macomb,MI,9.6,37.3,33.5,6.8,79.7,86.1,0.039421,-1.827567,-1.788146
2023,17203,Woodford,IL,8.6,37.3,29.6,6.5,76.0,85.8,-0.866778,-0.926112,-1.79289
2023,17111,McHenry,IL,8.8,31.7,29.7,8.4,75.2,86.2,-1.428712,-0.367328,-1.79604
2023,26045,Eaton,MI,9.3,38.8,31.0,6.6,78.4,86.1,-0.257754,-1.561085,-1.818839
2023,26103,Marquette,MI,9.4,38.0,31.6,6.1,78.9,85.5,-0.227726,-1.651709,-1.879436
2023,26077,Kalamazoo,MI,9.4,38.9,30.9,6.5,78.5,86.4,-0.228374,-1.686777,-1.915151
2023,55015,Calumet,WI,8.5,32.8,26.8,7.5,75.0,84.6,-1.831118,-0.130195,-1.961313
2023,26081,Kent,MI,9.6,34.9,30.8,7.4,78.4,86.3,-0.636479,-1.41568,-2.05216
2023,17147,Piatt,IL,8.4,34.9,29.2,6.6,75.7,85.7,-1.26689,-0.803082,-2.069973
2023,26009,Antrim,MI,8.8,36.4,30.3,6.1,77.4,85.7,-0.800631,-1.338733,-2.139364
2023,55131,Washington,WI,8.1,35.9,27.2,6.7,75.9,85.0,-1.547219,-0.647786,-2.195004
2023,26019,Benzie,MI,8.9,35.4,30.3,6.2,77.4,85.7,-0.882573,-1.314154,-2.196727
2023,55025,Dane,WI,8.1,33.4,25.5,6.7,73.5,85.5,-2.086203,-0.193124,-2.279326
2023,26029,Charlevoix,MI,8.6,35.0,29.8,5.9,77.5,86.1,-1.100891,-1.514614,-2.615505
2023,26111,Midland,MI,8.7,31.7,30.3,6.0,77.5,85.9,-1.37243,-1.438813,-2.811244
2023,26055,Grand Traverse,MI,8.4,35.3,29.4,5.7,77.8,86.2,-1.191337,-1.662222,-2.853559
2023,55133,Waukesha,WI,8.2,33.1,28.0,6.1,76.4,86.1,-1.716897,-1.198378,-2.915275
2023,17133,Monroe,IL,7.8,34.9,28.2,6.0,76.2,86.7,-1.611773,-1.328064,-2.939837
2023,26037,Clinton,MI,8.6,35.0,29.3,6.1,78.5,86.4,-1.175084,-1.78509,-2.960174
2023,26083,Keweenaw,MI,8.5,34.3,30.1,5.2,77.7,86.5,-1.169409,-1.837667,-3.007076
2023,26047,Emmet,MI,8.5,32.7,30.1,5.6,77.9,86.4,-1.352915,-1.762303,-3.115218
2023,17043,DuPage,IL,8.5,29.1,27.1,7.6,76.5,87.3,-2.210961,-1.161317,-3.372278
2023,26139,Ottawa,MI,8.5,33.2,29.3,6.7,79.7,86.6,-1.414278,-1.980201,-3.394479
2023,26161,Washtenaw,MI,8.6,29.0,28.3,5.4,77.0,87.6,-2.011618,-1.900274,-3.911892
2023,55089,Ozaukee,WI,7.8,30.4,24.6,5.9,76.8,86.2,-2.662073,-1.370266,-4.032339
2023,26089,Leelanau,MI,7.9,31.9,28.1,5.3,78.1,87.3,-1.937936,-2.115098,-4.053035
2023,26125,Oakland,MI,8.5,30.9,30.3,5.5,79.3,88.5,-1.529682,-2.664635,-4.194317
2023,26093,Livingston,MI,7.6,31.9,26.9,5.1,78.0,87.0,-2.214248,-2.063141,-4.277389
